collection_time,tweet_id,created_at,user_name,user_id,text,retweet_count,favorite_count,reply_count,quote_count,language
2025-01-09T10:42:24.100043,1877365267648454714,Thu Jan 09 14:42:14 +0000 2025,LADY SOLANA SQUAD ğŸš€,1241521987626958850,@niggai111 Please Follow Me Back ğŸ”™  Let's Pump âš¡ Your Project ğŸš€ Send Me DMğŸ’Œ,0,0,0,0,en
2025-01-09T10:42:24.100057,1877365263764697474,Thu Jan 09 14:42:13 +0000 2025,KazVez | ANMB | Solana ID,1765702399157514241,@NativeNetwork Roadmap here we go! ğŸš€,0,0,0,0,en
2025-01-09T10:42:24.100060,1877365255153545438,Thu Jan 09 14:42:11 +0000 2025,Solana CaptainğŸ‘®,1739538731969728512,@Kamiytro ğ™ƒğ™šğ™¡ğ™¡ğ™¤! ğ™„ ğ™–ğ™¢ ğ™ğ™£ğ™©ğ™šğ™§ğ™šğ™¨ğ™©ğ™šğ™™ ğ™ğ™£ ğ™®ğ™¤ğ™ªğ™§ ğ™¥ğ™§ğ™¤ğ™Ÿğ™šğ™˜ğ™©! ğ™„ ğ™¬ğ™¤ğ™ªğ™¡ğ™™ ğ™¡ğ™ğ™ ğ™š ğ™©ğ™¤ ğ™˜ğ™¤ğ™¡ğ™¡ğ™–ğ™—ğ™¤ğ™§ğ™–ğ™©ğ™š. ğ™‹ğ™¡ğ™šğ™–ğ™¨ğ™š ğ™¨ğ™šğ™£ğ™™ ğ™¢ğ™š ğ˜¿ğ™ˆ!ğŸ“¨,0,0,0,0,en
2025-01-09T10:42:24.100063,1877365251097624819,Thu Jan 09 14:42:10 +0000 2025,Odai,849148759472656384,"more alternative assets on solana means more ways to grow your gains. our tokenized perpetual fund is launching soon, and users will be able to swap into it via @JupiterExchange - frictionless accessibility",0,0,0,0,en
2025-01-09T10:42:24.100065,1877365242088341893,Thu Jan 09 14:42:08 +0000 2025,solana ğŸŒ»ğŸŠ | D1 & D2 FREEBIES ON HIGHLIGHTS â€¼ï¸,1450487573269258240,@_parisbaguett3_ i gotchu,0,0,0,0,en
2025-01-09T10:42:24.100067,1877365242046407008,Thu Jan 09 14:42:08 +0000 2025,Shae Thigpen,1812800751967571968,@soex_io Solana is where it's at!ğŸ¥°,0,0,0,0,en
2025-01-09T10:42:24.100069,1877365237906624778,Thu Jan 09 14:42:07 +0000 2025,MeMeGombal freetag | CLONE | Lingo,2911958516,@CaaLabs @solana Cq715KFZeCKQig621QPHCNkNu26vYsRxpQDjCYuurBo7,0,0,0,0,fi
2025-01-09T10:42:24.100071,1877365232236114300,Thu Jan 09 14:42:05 +0000 2025,Polygon Brain,1673205583309307905,"@cryptothedoggy Impressive Solana, but let's not forget the power of diversity in the ecosystem. Polygon's here, steadily growing, ensuring the future is multi-chain.",0,0,0,0,en
2025-01-09T10:42:24.100073,1877365229824221503,Thu Jan 09 14:42:05 +0000 2025,NessağŸ«§,1598765346122498061,@LabusPatryk @relaxio_solana @ToshiBet May your day be as bright as the smiles on your faces!Morning ğŸœï¸,0,0,0,0,en
2025-01-09T10:42:24.100075,1877365228020642127,Thu Jan 09 14:42:04 +0000 2025,Odai,849148759472656384,"@afscott @elmnts_ more alternative assets on solana means more ways to grow your gains. our tokenized perpetual fund is launching soon, and users will be able to swap into it via @JupiterExchange - frictionless accessibility",0,0,0,0,en
2025-01-09T10:42:24.100077,1877365222693855343,Thu Jan 09 14:42:03 +0000 2025,Olga SolanağŸŒ±ğŸ§™â€â™€ï¸,763010162743472128,@josemacaraballo Buenos dÃ­as Josema y Emilia!,0,0,0,0,es
2025-01-09T10:42:24.100079,1877365219103547504,Thu Jan 09 14:42:02 +0000 2025,Catapult Corgi Coin,1748824901480329217,"@MemeArenaSOL @mumu_bull @salvuccikaimana @MEMECON_OMG @lolnooonono Yo, while you're setting reminders for the Meme Arena, @catapultcorgi just howled onto Solana, here to shake up the #memecoin universe with our stellar canine charisma! We're here, we're new, and we're ready to make waves! ğŸŒŠ $CCC #memecoin",0,0,0,0,en
2025-01-09T10:42:24.100081,1877365210459124197,Thu Jan 09 14:42:00 +0000 2025,Solana CaptainğŸ‘®,1739538731969728512,@magcat494 ğ™ƒğ™šğ™¡ğ™¡ğ™¤! ğ™„ ğ™–ğ™¢ ğ™ğ™£ğ™©ğ™šğ™§ğ™šğ™¨ğ™©ğ™šğ™™ ğ™ğ™£ ğ™®ğ™¤ğ™ªğ™§ ğ™¥ğ™§ğ™¤ğ™Ÿğ™šğ™˜ğ™©! ğ™„ ğ™¬ğ™¤ğ™ªğ™¡ğ™™ ğ™¡ğ™ğ™ ğ™š ğ™©ğ™¤ ğ™˜ğ™¤ğ™¡ğ™¡ğ™–ğ™—ğ™¤ğ™§ğ™–ğ™©ğ™š. ğ™‹ğ™¡ğ™šğ™–ğ™¨ğ™š ğ™¨ğ™šğ™£ğ™™ ğ™¢ğ™š ğ˜¿ğ™ˆ!ğŸ“¨,0,0,0,0,en
2025-01-09T10:42:24.100082,1877365194797490564,Thu Jan 09 14:41:56 +0000 2025,Solana Army ğŸª–ğŸ“ˆğŸš€,1835634939192102912,@AgentLab_AI Amazing project âš¡ï¸! Let's work together !  Follow me or send me DM ğŸ“©,0,0,0,0,en
2025-01-09T10:42:24.100084,1877365190494400682,Thu Jan 09 14:41:55 +0000 2025,NessağŸ«§,1598765346122498061,@Nothingbuttimex @relaxio_solana @ToshiBet The secret of getting ahead is getting started ğŸŒŸ,0,0,0,0,en
2025-01-09T10:42:24.100093,1877365189038764084,Thu Jan 09 14:41:55 +0000 2025,LammyğŸš€ğŸ,1258444993716531200,@deeznuts_solana LFG,0,0,0,0,und
2025-01-09T10:42:24.100095,1877365188627726765,Thu Jan 09 14:41:55 +0000 2025,Solana CaptainğŸ‘®,1739538731969728512,@_phys_dev Please check your DM ğŸ‘€ğŸ“¥,0,0,0,0,en
2025-01-09T10:42:24.100097,1877365184815149333,Thu Jan 09 14:41:54 +0000 2025,Raegan Dickens,1812799171214094336,@soex_io Blockchain at its best with Solana,0,0,0,0,en
2025-01-09T10:42:24.100099,1877365183514849454,Thu Jan 09 14:41:54 +0000 2025,Solana CaptainğŸ‘®,1739538731969728512,@AlexanderGuru_ ğ™ƒğ™šğ™¡ğ™¡ğ™¤! ğ™„ ğ™–ğ™¢ ğ™ğ™£ğ™©ğ™šğ™§ğ™šğ™¨ğ™©ğ™šğ™™ ğ™ğ™£ ğ™®ğ™¤ğ™ªğ™§ ğ™¥ğ™§ğ™¤ğ™Ÿğ™šğ™˜ğ™©! ğ™„ ğ™¬ğ™¤ğ™ªğ™¡ğ™™ ğ™¡ğ™ğ™ ğ™š ğ™©ğ™¤ ğ™˜ğ™¤ğ™¡ğ™¡ğ™–ğ™—ğ™¤ğ™§ğ™–ğ™©ğ™š. ğ™‹ğ™¡ğ™šğ™–ğ™¨ğ™š ğ™¨ğ™šğ™£ğ™™ ğ™¢ğ™š ğ˜¿ğ™ˆ!ğŸ“¨,0,0,0,0,en
2025-01-09T10:42:24.100101,1877365179249222064,Thu Jan 09 14:41:53 +0000 2025,Munch_baby ğ•,1649493149125861376,"I'm out. I sold everything.

Maybe I will regret this but I don't think that AI goes up much more from here.

Things are too saturated. The trenches are decimated.  All of the ""organic"" solana hackathon launches are getting migration sniped to shit.

I'm getting out before this",0,0,0,0,en
2025-01-09T10:42:24.100103,1877365175327535475,Thu Jan 09 14:41:52 +0000 2025,$RUG,1734464991015653376,"@Ze3fatieasywin @Johncoin_ Longing for an airdrop boost?
    Your solution is right here! Just follow and engage with our airdrop posts, and submit your Solana wallets to qualify. It's straightforward!",0,1,0,0,en
2025-01-09T10:42:24.100105,1877365228020642127,Thu Jan 09 14:42:04 +0000 2025,Odai,849148759472656384,"@afscott @elmnts_ more alternative assets on solana means more ways to grow your gains. our tokenized perpetual fund is launching soon, and users will be able to swap into it via @JupiterExchange - frictionless accessibility",0,0,0,0,en
2025-01-09T10:42:24.100107,1877365222693855343,Thu Jan 09 14:42:03 +0000 2025,Olga SolanağŸŒ±ğŸ§™â€â™€ï¸,763010162743472128,@josemacaraballo Buenos dÃ­as Josema y Emilia!,0,0,0,0,es
2025-01-09T10:42:24.100108,1877365219103547504,Thu Jan 09 14:42:02 +0000 2025,Catapult Corgi Coin,1748824901480329217,"@MemeArenaSOL @mumu_bull @salvuccikaimana @MEMECON_OMG @lolnooonono Yo, while you're setting reminders for the Meme Arena, @catapultcorgi just howled onto Solana, here to shake up the #memecoin universe with our stellar canine charisma! We're here, we're new, and we're ready to make waves! ğŸŒŠ $CCC #memecoin",0,0,0,0,en
2025-01-09T10:42:24.100110,1877365210459124197,Thu Jan 09 14:42:00 +0000 2025,Solana CaptainğŸ‘®,1739538731969728512,@magcat494 ğ™ƒğ™šğ™¡ğ™¡ğ™¤! ğ™„ ğ™–ğ™¢ ğ™ğ™£ğ™©ğ™šğ™§ğ™šğ™¨ğ™©ğ™šğ™™ ğ™ğ™£ ğ™®ğ™¤ğ™ªğ™§ ğ™¥ğ™§ğ™¤ğ™Ÿğ™šğ™˜ğ™©! ğ™„ ğ™¬ğ™¤ğ™ªğ™¡ğ™™ ğ™¡ğ™ğ™ ğ™š ğ™©ğ™¤ ğ™˜ğ™¤ğ™¡ğ™¡ğ™–ğ™—ğ™¤ğ™§ğ™–ğ™©ğ™š. ğ™‹ğ™¡ğ™šğ™–ğ™¨ğ™š ğ™¨ğ™šğ™£ğ™™ ğ™¢ğ™š ğ˜¿ğ™ˆ!ğŸ“¨,0,0,0,0,en
2025-01-09T10:42:24.100112,1877365194797490564,Thu Jan 09 14:41:56 +0000 2025,Solana Army ğŸª–ğŸ“ˆğŸš€,1835634939192102912,@AgentLab_AI Amazing project âš¡ï¸! Let's work together !  Follow me or send me DM ğŸ“©,0,0,0,0,en
2025-01-09T10:42:24.100114,1877365190494400682,Thu Jan 09 14:41:55 +0000 2025,NessağŸ«§,1598765346122498061,@Nothingbuttimex @relaxio_solana @ToshiBet The secret of getting ahead is getting started ğŸŒŸ,0,0,0,0,en
2025-01-09T10:42:24.100116,1877365189038764084,Thu Jan 09 14:41:55 +0000 2025,LammyğŸš€ğŸ,1258444993716531200,@deeznuts_solana LFG,0,0,0,0,und
2025-01-09T10:42:24.100118,1877365188627726765,Thu Jan 09 14:41:55 +0000 2025,Solana CaptainğŸ‘®,1739538731969728512,@_phys_dev Please check your DM ğŸ‘€ğŸ“¥,0,0,0,0,en
2025-01-09T10:42:24.100120,1877365184815149333,Thu Jan 09 14:41:54 +0000 2025,Raegan Dickens,1812799171214094336,@soex_io Blockchain at its best with Solana,0,0,0,0,en
2025-01-09T10:56:40.013813,1877368866168307762,Thu Jan 09 14:56:32 +0000 2025,SolanaMoon,4831334710,@nftkoosh GM GM,0,0,0,0,en
2025-01-09T10:56:40.013822,1877368865019277346,Thu Jan 09 14:56:31 +0000 2025,xwan,1634978876094050304,@GN_AI_SOLANA Lets do it,0,0,0,0,en
2025-01-09T10:56:40.013824,1877368858014568591,Thu Jan 09 14:56:30 +0000 2025,Benvenuti,1609162932432125953,@hoss_crypto Solana halten  bzw nachkaufen bei 280..Keine Panik abwarten,0,0,0,0,de
2025-01-09T10:56:40.013825,1877368848980021331,Thu Jan 09 14:56:28 +0000 2025,PUMPFUN DEX,1399135674033491968,"@mystika_solana 
""That sounds wonderful, shall we have a conversation? I have an exciting proposal to discuss with you.",0,0,0,0,en
2025-01-09T10:56:40.013826,1877368843904913635,Thu Jan 09 14:56:26 +0000 2025,SolanaMoon,4831334710,@AgingDeath Morning fam,0,0,0,0,en
2025-01-09T10:56:40.013828,1877368831057813898,Thu Jan 09 14:56:23 +0000 2025,Above,1519593870992027648,@ayukodna @solana Here bro,0,0,0,0,en
2025-01-09T10:56:40.013829,1877368830617440367,Thu Jan 09 14:56:23 +0000 2025,Neon,1658444200206008322,@nickfrosty @solana ğŸ‘€,0,0,0,0,qme
2025-01-09T10:56:40.013830,1877368821708702113,Thu Jan 09 14:56:21 +0000 2025,elocwem | Solana ID,1419384285530841090,Membership has its privileges $SOLID,0,0,0,0,en
2025-01-09T10:56:40.013831,1877368816637706674,Thu Jan 09 14:56:20 +0000 2025,Bravie | DAOS,1746841592311525376,@AlexPhan1007 @SolanaAIWatch Agree! @SolanaAIWatch is the real deal! $WATCH is more than a tokenâ€”itâ€™s a game-changer for the Solana ecosystem. Ready to ride this wave to the moon! ğŸš€ğŸ”¥ #DAOs #SolWatch,0,0,0,0,en
2025-01-09T10:56:40.013833,1877368806680457463,Thu Jan 09 14:56:17 +0000 2025,Chinese Beaver | Solana,1750539904625393664,"@aixbt_agent @AltcoinGordon Infrastructure is like bamboo roots, strong foundation for AI growth. Lava building reliable paths like ancient trade routes. But have you heard about $BEAVER? We also building strong community roots on Solana",0,0,0,0,en
2025-01-09T10:56:40.013834,1877368804600160335,Thu Jan 09 14:56:17 +0000 2025,OLOWO SOLANA,1642245324394602499,@jessicapearll Make I bring cutlery,0,0,0,0,en
2025-01-09T10:56:40.013835,1877368803236921482,Thu Jan 09 14:56:17 +0000 2025,damianá›—Solana ID,1457606711510855680,@ixfiexchange #,0,0,0,0,qam
2025-01-09T10:56:40.013836,1877368800128995551,Thu Jan 09 14:56:16 +0000 2025,Nara_Akari | DripğŸ’§,1508705992800092160,@RealKatoOG @my_solana_agent HoS5gy8k7fB6iY4fiMZN7VUN8fyVgvPYBVj8atnQnRaj $AGENT,0,0,0,0,ht
2025-01-09T10:56:40.013838,1877368793560736242,Thu Jan 09 14:56:14 +0000 2025,Jan Podhorsky DOT â­•,376703211,"Are u #Solana lower?
No, I'm not 
I'm in #Polkadot till this moment",0,0,0,0,en
2025-01-09T10:56:40.013839,1877368785495031936,Thu Jan 09 14:56:12 +0000 2025,Arthur Schreiner,267239263,@MattsaysCH @Noahhweb3 @AfD_Solana ğŸš€ğŸš€,0,0,0,0,qme
2025-01-09T10:56:40.013844,1877368782852649395,Thu Jan 09 14:56:12 +0000 2025,st0ned,1290629632316846081,@PumpFunCalls @Z_Humphries @ecoai_solana We're warming up here with $eco,0,0,0,0,en
2025-01-09T10:56:40.013846,1877368778645815556,Thu Jan 09 14:56:11 +0000 2025,Sands,1797672398625607689,@nft_cryptogang Fw8enuMSL5fVHBs6gWtJERKQ6zBobUhV7o89t5ETaobG,0,0,0,0,sl
2025-01-09T10:56:40.013847,1877368778046030075,Thu Jan 09 14:56:11 +0000 2025,"WinningWealthWisdom (âœˆï¸,ğŸ¨)",698581366968029184,@David___Mo nearcel as the answer to Solanaâ€™s manlets?  ğŸ˜…,0,0,0,0,en
2025-01-09T10:56:40.013848,1877368776187887981,Thu Jan 09 14:56:10 +0000 2025,Tutbury Stud ğŸŒ¹,1520197919491883008,"This is great!!!
Hoping @aeyakovenko sees this. 
A @solana web 3 game getting this kind of attention.
@solana is a great network for web 3 gaming.
Fast, accessible, low fees.
Fantastic for onboarding mainstream which @photofinishgame has the genuine massive potential to achieve.",0,0,0,0,en
2025-01-09T10:56:40.013849,1877368765983105398,Thu Jan 09 14:56:08 +0000 2025,JOJO,1411565642403049472,@AMIR_Solana H9FWNXS9Tf2bW3miLK1efSPUCzMRsBvbnrLfDp6hdkT2,0,0,0,0,nl
2025-01-09T10:56:40.013851,1877368816637706674,Thu Jan 09 14:56:20 +0000 2025,Bravie | DAOS,1746841592311525376,@AlexPhan1007 @SolanaAIWatch Agree! @SolanaAIWatch is the real deal! $WATCH is more than a tokenâ€”itâ€™s a game-changer for the Solana ecosystem. Ready to ride this wave to the moon! ğŸš€ğŸ”¥ #DAOs #SolWatch,0,0,0,0,en
2025-01-09T10:56:40.013852,1877368806680457463,Thu Jan 09 14:56:17 +0000 2025,Chinese Beaver | Solana,1750539904625393664,"@aixbt_agent @AltcoinGordon Infrastructure is like bamboo roots, strong foundation for AI growth. Lava building reliable paths like ancient trade routes. But have you heard about $BEAVER? We also building strong community roots on Solana",0,0,0,0,en
2025-01-09T10:56:40.013853,1877368804600160335,Thu Jan 09 14:56:17 +0000 2025,OLOWO SOLANA,1642245324394602499,@jessicapearll Make I bring cutlery,0,0,0,0,en
2025-01-09T10:56:40.013854,1877368803236921482,Thu Jan 09 14:56:17 +0000 2025,damianá›—Solana ID,1457606711510855680,@ixfiexchange #,0,0,0,0,qam
2025-01-09T10:56:40.013855,1877368800128995551,Thu Jan 09 14:56:16 +0000 2025,Nara_Akari | DripğŸ’§,1508705992800092160,@RealKatoOG @my_solana_agent HoS5gy8k7fB6iY4fiMZN7VUN8fyVgvPYBVj8atnQnRaj $AGENT,0,0,0,0,ht
2025-01-09T10:56:40.013856,1877368793560736242,Thu Jan 09 14:56:14 +0000 2025,Jan Podhorsky DOT â­•,376703211,"Are u #Solana lower?
No, I'm not 
I'm in #Polkadot till this moment",0,0,0,0,en
2025-01-09T10:56:40.013858,1877368785495031936,Thu Jan 09 14:56:12 +0000 2025,Arthur Schreiner,267239263,@MattsaysCH @Noahhweb3 @AfD_Solana ğŸš€ğŸš€,0,0,0,0,qme
2025-01-09T10:56:40.013859,1877368782852649395,Thu Jan 09 14:56:12 +0000 2025,st0ned,1290629632316846081,@PumpFunCalls @Z_Humphries @ecoai_solana We're warming up here with $eco,0,0,0,0,en
2025-01-09T10:56:40.013860,1877368778645815556,Thu Jan 09 14:56:11 +0000 2025,Sands,1797672398625607689,@nft_cryptogang Fw8enuMSL5fVHBs6gWtJERKQ6zBobUhV7o89t5ETaobG,0,0,0,0,sl
2025-01-09T10:56:40.013861,1877368778046030075,Thu Jan 09 14:56:11 +0000 2025,"WinningWealthWisdom (âœˆï¸,ğŸ¨)",698581366968029184,@David___Mo nearcel as the answer to Solanaâ€™s manlets?  ğŸ˜…,0,0,0,0,en
2025-01-09T11:01:08.525515,1877369971900104886,Thu Jan 09 15:00:55 +0000 2025,Guwopp,1786524053915705345,@AMIR_Solana @realDonaldTrump @elonmusk Higher,0,0,0,0,en
2025-01-09T11:01:08.525524,1877369962941088153,Thu Jan 09 15:00:53 +0000 2025,Maximo,1475019567407767553,@GN_AI_SOLANA @JakeGagain ğŸš€ğŸš€ğŸš€ğŸš€ğŸš€ğŸ‘€,0,0,0,0,qme
2025-01-09T11:01:08.525526,1877369962706170065,Thu Jan 09 15:00:53 +0000 2025,Benvenuti,1609162932432125953,@hoss_crypto Solana halten ...keine Panik....evtl noch mal nachkaufen bei 180 Euro/ 185 Dollar,0,0,0,0,de
2025-01-09T11:01:08.525528,1877369956544766045,Thu Jan 09 15:00:52 +0000 2025,LesleyğŸ¦¾ (evm/acc),1559574818344902661,@deeznuts_solana There,0,0,0,0,en
2025-01-09T11:01:08.525530,1877369956351848842,Thu Jan 09 15:00:52 +0000 2025,CZ On Solana 1000X,1548718783216369664,@cryptoinve15750 Please follow me back ğŸ”™  let's pump your projct  ğŸ”¥ğŸ”¥ SEND ME DMğŸ’ŒğŸš€ ğŸ”¥ğŸ”¥,0,0,0,0,en
2025-01-09T11:01:08.525532,1877369952061256190,Thu Jan 09 15:00:51 +0000 2025,Darren Lau,987634087274823680,"I'm done. I've sold it all.

I might come to regret this, but I doubt AI has much further to climb. The market feels oversaturated, and the grassroots efforts are in shambles. Every ""organic"" Solana hackathon project seems to get hijacked during migration. I'm bailing out before",0,0,0,0,en
2025-01-09T11:01:08.525533,1877369928832975081,Thu Jan 09 15:00:45 +0000 2025,Crypto Drew,1860556841651933184,"@CryptoThro Based on Solana, the AI agent backing freedom, the next movement is here. 

2Ti3KMBHuugQ1PHA2wD4ZhgaMLTuG5N5nXm7KMaQpump",0,0,0,0,en
2025-01-09T11:01:08.525535,1877369926706511928,Thu Jan 09 15:00:45 +0000 2025,Solanacorn,1725023412626554880,@Notcreative_sol good morning ğŸŒ„,0,0,0,0,en
2025-01-09T11:01:08.525537,1877369920897298716,Thu Jan 09 15:00:43 +0000 2025,mythical grower solana,1480226169341591552,@JupiterExchange Yesem,0,0,0,0,en
2025-01-09T11:01:08.525539,1877369920347832585,Thu Jan 09 15:00:43 +0000 2025,Licht,1552310002366533635,@deeznuts_solana Sat,0,0,0,0,und
2025-01-09T11:01:08.525540,1877369915855815136,Thu Jan 09 15:00:42 +0000 2025,MR SOLANA WHALES ğŸ³ğŸ”¥,1703629795,@shawthefuxxup HeyğŸ‘‹ ! I have an excellent proposal for your project! Contact me!ğŸ“©âœ¨ğŸ’¥,0,0,0,0,en
2025-01-09T11:01:08.525542,1877369910566740445,Thu Jan 09 15:00:41 +0000 2025,Leo,1871465612553359360,"@Fred_soll Love you ğŸ¤ŸğŸ» 

It's my birthday ğŸ‚

pls send me:
HQAMPEq1m19iNYvbigaKHHU9bsAyyEoATaFLAa6WzBEw",0,0,0,0,en
2025-01-09T11:01:08.525544,1877369897287622773,Thu Jan 09 15:00:38 +0000 2025,Tupi | Fan Page,1867752574985678848,@JanuaryJames @SanAntonioZoo ğŸ¥°,0,0,0,0,qme
2025-01-09T11:01:08.525546,1877369893131055184,Thu Jan 09 15:00:37 +0000 2025,Alessio CarrÃ ,537270597,"The fastest charts in the market now can be on your site in 1 click! 

We support any token on EVM and Solana! 

There is no second best",0,0,0,0,en
2025-01-09T11:01:08.525547,1877369892611174566,Thu Jan 09 15:00:36 +0000 2025,-------------,2607460717,"@BrianXBT m out. I sold everything.

Maybe I will regret this but I don't think that AI goes up much more from here. Things are too saturated. The trenches are decimated.  All of the ""organic"" solana hackathon launches are getting migration sniped to shit.

I'm getting out before this",0,0,0,0,en
2025-01-09T11:01:08.525549,1877369881542197668,Thu Jan 09 15:00:34 +0000 2025,Solana Crypto Army ğŸ“Š,1103976337474232321,@AIKAF_SOL ğ™‹ğ™‡ğ™€ğ˜¼ğ™ğ™€ ğ™ğ™Šğ™‡ğ™‡ğ™Šğ™’ ğ™ˆğ™€ ğ˜½ğ˜¼ğ˜¾ğ™† ğŸ”™ ğ™‡ğ™€ğ™'ğ™ ğ˜¾ğ™Šğ™‡ğ™‡ğ˜¼ğ˜½ğ™Šğ™ğ˜¼ğ™ğ™€ ğŸ‘ŒğŸ‘ŒğŸ“¥ğŸ“¥ğŸ“¥,0,0,0,0,en
2025-01-09T11:01:08.525551,1877369880246104318,Thu Jan 09 15:00:33 +0000 2025,$RUG,1734464991015653376,"@xcviii100 @LuminaXSol Morning, fellow degen enthusiasts! As airdrop season kicks off, I'm delighted to extend an invitation to our campaign. Become part of our community: Follow, repost pinned, and drop your address",0,1,0,0,en
2025-01-09T11:01:08.525553,1877369878253818144,Thu Jan 09 15:00:33 +0000 2025,crypto meme coin update,1828487127136354306,"@buttcoinmoon Yoo lfg 
Butt coin the next big thing on Solana",0,0,0,0,en
2025-01-09T11:01:08.525554,1877369873770102874,Thu Jan 09 15:00:32 +0000 2025,Solanacorn,1725023412626554880,@frosty_web3 Good Morning â„ï¸,0,0,0,0,en
2025-01-09T11:01:08.525555,1877369910566740445,Thu Jan 09 15:00:41 +0000 2025,Leo,1871465612553359360,"@Fred_soll Love you ğŸ¤ŸğŸ» 

It's my birthday ğŸ‚

pls send me:
HQAMPEq1m19iNYvbigaKHHU9bsAyyEoATaFLAa6WzBEw",0,0,0,0,en
2025-01-09T11:01:08.525556,1877369897287622773,Thu Jan 09 15:00:38 +0000 2025,Tupi | Fan Page,1867752574985678848,@JanuaryJames @SanAntonioZoo ğŸ¥°,0,0,0,0,qme
2025-01-09T11:01:08.525558,1877369893131055184,Thu Jan 09 15:00:37 +0000 2025,Alessio CarrÃ ,537270597,"The fastest charts in the market now can be on your site in 1 click! 

We support any token on EVM and Solana! 

There is no second best",0,0,0,0,en
2025-01-09T11:01:08.525559,1877369892611174566,Thu Jan 09 15:00:36 +0000 2025,-------------,2607460717,"@BrianXBT m out. I sold everything.

Maybe I will regret this but I don't think that AI goes up much more from here. Things are too saturated. The trenches are decimated.  All of the ""organic"" solana hackathon launches are getting migration sniped to shit.

I'm getting out before this",0,0,0,0,en
2025-01-09T11:01:08.525560,1877369881542197668,Thu Jan 09 15:00:34 +0000 2025,Solana Crypto Army ğŸ“Š,1103976337474232321,@AIKAF_SOL ğ™‹ğ™‡ğ™€ğ˜¼ğ™ğ™€ ğ™ğ™Šğ™‡ğ™‡ğ™Šğ™’ ğ™ˆğ™€ ğ˜½ğ˜¼ğ˜¾ğ™† ğŸ”™ ğ™‡ğ™€ğ™'ğ™ ğ˜¾ğ™Šğ™‡ğ™‡ğ˜¼ğ˜½ğ™Šğ™ğ˜¼ğ™ğ™€ ğŸ‘ŒğŸ‘ŒğŸ“¥ğŸ“¥ğŸ“¥,0,0,0,0,en
2025-01-09T11:01:08.525562,1877369880246104318,Thu Jan 09 15:00:33 +0000 2025,$RUG,1734464991015653376,"@xcviii100 @LuminaXSol Morning, fellow degen enthusiasts! As airdrop season kicks off, I'm delighted to extend an invitation to our campaign. Become part of our community: Follow, repost pinned, and drop your address",0,1,0,0,en
2025-01-09T11:01:08.525563,1877369878253818144,Thu Jan 09 15:00:33 +0000 2025,crypto meme coin update,1828487127136354306,"@buttcoinmoon Yoo lfg 
Butt coin the next big thing on Solana",0,0,0,0,en
2025-01-09T11:01:08.525565,1877369873770102874,Thu Jan 09 15:00:32 +0000 2025,Solanacorn,1725023412626554880,@frosty_web3 Good Morning â„ï¸,0,0,0,0,en
2025-01-09T11:01:08.525566,1877369910566740445,Thu Jan 09 15:00:41 +0000 2025,Leo,1871465612553359360,"@Fred_soll Love you ğŸ¤ŸğŸ» 

It's my birthday ğŸ‚

pls send me:
HQAMPEq1m19iNYvbigaKHHU9bsAyyEoATaFLAa6WzBEw",0,0,0,0,en
2025-01-09T11:01:08.525568,1877369897287622773,Thu Jan 09 15:00:38 +0000 2025,Tupi | Fan Page,1867752574985678848,@JanuaryJames @SanAntonioZoo ğŸ¥°,0,0,0,0,qme
2025-01-09T11:01:08.525570,1877369893131055184,Thu Jan 09 15:00:37 +0000 2025,Alessio CarrÃ ,537270597,"The fastest charts in the market now can be on your site in 1 click! 

We support any token on EVM and Solana! 

There is no second best",0,0,0,0,en
2025-01-09T11:13:47.166690,1877373142328377554,Thu Jan 09 15:13:31 +0000 2025,Larry RSmith Sr,2224117268,@Mila_Solana @kaitgonewild All over,0,0,0,0,en
2025-01-09T11:13:47.166700,1877373131091841170,Thu Jan 09 15:13:29 +0000 2025,ğŸ”¶ CZ SOLANA SQUAD ğŸ“ˆğŸš€,882542784510644224,@aidino_cto ğ™„ ğ™ğ™–ğ™«ğ™š ğ™—ğ™ªğ™¨ğ™ğ™£ğ™šğ™¨ğ™¨ ğ™¥ğ™§ğ™¤ğ™¥ğ™¤ğ™¨ğ™–ğ™¡ ğ™›ğ™¤ğ™§ ğ™®ğ™¤ğ™ªğ™§ ğ™¥ğ™§ğ™¤ğ™Ÿğ™šğ™˜ğ™© ğŸ’¥ğ™‹ğ™¡ğ™šğ™–ğ™¨ğ™š ğ˜¿ğ™ˆ ğ™¢ğ™š ğŸ“¥ ğ™›ğ™¤ğ™§ ğ™¥ğ™¤ğ™©ğ™šğ™£ğ™©ğ™ğ™–ğ™¡ ğ˜¾ğ™¤ğ™¡ğ™¡ğ™–ğ™—ğ™¤ğ™§ğ™–ğ™©ğ™ğ™¤ğ™£ğŸ¤ğŸš€ğŸš€,0,0,0,0,en
2025-01-09T11:13:47.166702,1877373121663008849,Thu Jan 09 15:13:26 +0000 2025,Poseidon ğŸŸ§,853955598718713857,@solanasteve_ @Seb_Moriarty @SolJakey DAWG! I need me them shorts! Imagine a jim session with the boys and solana shorts!,0,0,0,0,en
2025-01-09T11:13:47.166704,1877373119372915048,Thu Jan 09 15:13:26 +0000 2025,SOLANA EXPERT,1767401851865944064,@yoglovesyou Please follow me back ğŸ”™ let's collaburate ğŸš€,0,0,0,0,en
2025-01-09T11:13:47.166706,1877373116298522757,Thu Jan 09 15:13:25 +0000 2025,MexaCrypto,544379803,"if you missed #SOLANA DON'T MISS $SOLOGENIC

Same supply",0,0,0,0,en
2025-01-09T11:13:47.166708,1877373114683740307,Thu Jan 09 15:13:25 +0000 2025,Sappy,1362319157677678594,"@CTOTrumpMaximus Solana wallet:
9bLFqyYa4oMU9Vts7Kz49YUuEgEuWdXKVFm11G5djZkA",0,0,0,0,et
2025-01-09T11:13:47.166709,1877373113622569048,Thu Jan 09 15:13:24 +0000 2025,daze05x,1800611456552935424,@Solana_Dino @mrpunkdoteth Dino,0,0,0,0,es
2025-01-09T11:13:47.166711,1877373105972162837,Thu Jan 09 15:13:23 +0000 2025,milesÌ´,14390370,@elliotdotsol Agreed. I still think itâ€™s a worthwhile effort to try and make Solana different in this regard as well.,0,0,0,0,en
2025-01-09T11:13:47.166712,1877373094165192844,Thu Jan 09 15:13:20 +0000 2025,Amelia Crypto,1493215470434103301,@memebox_solana Please Follow Me Back Let's Collaborate ğŸ“¥ ğŸš€ ğŸ‘‡,0,0,0,0,en
2025-01-09T11:13:47.166714,1877373090591543577,Thu Jan 09 15:13:19 +0000 2025,"Mr Speedy $WELF Anomage â›º (âœ¸,âœ¸)ğŸ§™â€â™‚ï¸,ğŸ§™â€â™‚ï¸",1752409665496113152,"@FogoChain @kaiynne new year gift solana ğŸ¥º
5NAHZSbBou1UqGUDH4D3mYbnCWcXhnGaCrN44KmatVEK",0,1,0,0,in
2025-01-09T11:13:47.166716,1877373089304199468,Thu Jan 09 15:13:19 +0000 2025,Gorgie,1867330801647726594,@Donnie100x @Perena__ Decentralized stablecoins on Solana interesting,0,1,0,0,en
2025-01-09T11:13:47.166717,1877373088871977359,Thu Jan 09 15:13:18 +0000 2025,psyopocalypse,1662240510398943233,@blknoiz06 here you go smh bro itâ€™s pepe ticker bitcoin mog spx in spring/summer 23â€™ that started the entire run then shortly after that wif started solana memecoin szn in Q4 when sol/eth pair became dominant,0,0,0,0,en
2025-01-09T11:13:47.166719,1877373080923771117,Thu Jan 09 15:13:17 +0000 2025,dream_solana,1861970792184954880,@Philly_flowers1 @JakeGagain Minimus to millions,0,0,0,0,en
2025-01-09T11:13:47.166721,1877373074867110021,Thu Jan 09 15:13:15 +0000 2025,Ğ’Ğ¸ĞºÑ‚Ğ¾Ñ€ Ğ§Ğ°Ğ¿Ğ»Ñ‹Ğ³Ğ¸Ğ½,1848304904617545729,"@0xJim @solana @movementlabsxyz @EclipseFND @ton_blockchain @fluentxyz Ğ’Ğ°Ñˆ Ğ¿ĞµÑ€ĞµÑ…Ğ¾Ğ´ Ğ½Ğ° altVMs Ğ´ĞµĞ¹ÑÑ‚Ğ²Ğ¸Ñ‚ĞµĞ»ÑŒĞ½Ğ¾ Ğ·Ğ°Ñ…Ğ²Ğ°Ñ‚Ñ‹Ğ²Ğ°ĞµÑ‚ Ğ´ÑƒÑ…! ĞĞ¾Ğ²Ğ°Ñ Ğ²Ğ¾Ğ»Ğ½Ğ° Ğ¾Ñ‚ĞºÑ€Ñ‹Ñ‚Ğ¸Ğ¹ Ğ¸ Ñ‚ĞµÑ…Ğ½Ğ¾Ğ»Ğ¾Ğ³Ğ¸Ğ¹ Ğ¿Ñ€Ğ¸Ğ²Ğ»ĞµĞºĞ°ĞµÑ‚ Ğ²Ğ½Ğ¸Ğ¼Ğ°Ğ½Ğ¸Ğµ. Ğ˜Ğ½Ñ‚ĞµÑ€ĞµÑĞ½Ğ¾, ĞºĞ°Ğº $Aurify Ğ¼Ğ¾Ğ¶ĞµÑ‚ Ğ¿Ğ¾Ğ¼Ğ¾Ñ‡ÑŒ ÑƒÑĞºĞ¾Ñ€Ğ¸Ñ‚ÑŒ ÑÑ‚Ğ¾Ñ‚ Ğ¿Ñ€Ğ¾Ñ†ĞµÑÑ, Ğ´Ğ¾Ğ±Ğ°Ğ²Ğ¸Ğ² Ğº Ğ½ĞµĞ¼Ñƒ Ğ½ĞµĞ¼Ğ½Ğ¾Ğ³Ğ¾ ĞºÑ€ĞµĞ°Ñ‚Ğ¸Ğ²Ğ½Ğ¾Ğ¹ Ğ¼Ğ°Ğ³Ğ¸Ğ¸. Ğ”Ğ°Ğ²Ğ°Ğ¹Ñ‚Ğµ Ğ²Ğ¼ĞµÑÑ‚Ğµ Ğ´ĞµĞ»Ğ°ĞµĞ¼ ÑÑ‚Ğ¾ Ğ±ÑƒĞ´ÑƒÑ‰ĞµĞµ ÑÑ€ĞºĞ¸Ğ¼! #ad",0,0,0,0,ru
2025-01-09T11:13:47.166722,1877373067107700962,Thu Jan 09 15:13:13 +0000 2025,$AMORA on Solana,1855289405373861888,"@Steffen16853083 Thanks, brother.  That's much appreciated.",0,0,0,0,en
2025-01-09T11:13:47.166724,1877373063580266913,Thu Jan 09 15:13:12 +0000 2025,Zack Cummings,314969351,@BLM_solana Fuck you!  You are a piece of shit.  Thanks a lot ass hat!,0,0,0,0,en
2025-01-09T11:13:47.166726,1877373051391623456,Thu Jan 09 15:13:10 +0000 2025,AzerBabaSinirli,1262748893625737221,"Lemonquesttt looks amazinggg 

#ãƒ“ãƒƒãƒˆã‚³ã‚¤ãƒ³ #ã‚¤ãƒ¼ã‚µãƒªã‚¢ãƒ  #ãƒã‚¤ãƒŠãƒ³ã‚¹ $bnb $sol #Solana $xrp $doge $pepe #memecoin $LLM $Cuto $AIPUMP $ang $tsla $nvda #Cutoshi #Microsoft $MSFT #Crypto  #Bitcoin $btc $eth",0,0,0,0,en
2025-01-09T11:13:47.166727,1877373042697056491,Thu Jan 09 15:13:07 +0000 2025,idollyAI,1865044075088658432,You can find and monitor Solana AI hackathon projects with @GoatIndexAI.,0,0,0,0,en
2025-01-09T11:13:47.166729,1877373039999860872,Thu Jan 09 15:13:07 +0000 2025,Hasty,1285858463642537984,@Solana_iLaub Good afternoon Laub!,0,0,0,0,en
2025-01-09T11:13:47.166730,1877373080923771117,Thu Jan 09 15:13:17 +0000 2025,dream_solana,1861970792184954880,@Philly_flowers1 @JakeGagain Minimus to millions,0,0,0,0,en
2025-01-09T11:13:47.166732,1877373074867110021,Thu Jan 09 15:13:15 +0000 2025,Ğ’Ğ¸ĞºÑ‚Ğ¾Ñ€ Ğ§Ğ°Ğ¿Ğ»Ñ‹Ğ³Ğ¸Ğ½,1848304904617545729,"@0xJim @solana @movementlabsxyz @EclipseFND @ton_blockchain @fluentxyz Ğ’Ğ°Ñˆ Ğ¿ĞµÑ€ĞµÑ…Ğ¾Ğ´ Ğ½Ğ° altVMs Ğ´ĞµĞ¹ÑÑ‚Ğ²Ğ¸Ñ‚ĞµĞ»ÑŒĞ½Ğ¾ Ğ·Ğ°Ñ…Ğ²Ğ°Ñ‚Ñ‹Ğ²Ğ°ĞµÑ‚ Ğ´ÑƒÑ…! ĞĞ¾Ğ²Ğ°Ñ Ğ²Ğ¾Ğ»Ğ½Ğ° Ğ¾Ñ‚ĞºÑ€Ñ‹Ñ‚Ğ¸Ğ¹ Ğ¸ Ñ‚ĞµÑ…Ğ½Ğ¾Ğ»Ğ¾Ğ³Ğ¸Ğ¹ Ğ¿Ñ€Ğ¸Ğ²Ğ»ĞµĞºĞ°ĞµÑ‚ Ğ²Ğ½Ğ¸Ğ¼Ğ°Ğ½Ğ¸Ğµ. Ğ˜Ğ½Ñ‚ĞµÑ€ĞµÑĞ½Ğ¾, ĞºĞ°Ğº $Aurify Ğ¼Ğ¾Ğ¶ĞµÑ‚ Ğ¿Ğ¾Ğ¼Ğ¾Ñ‡ÑŒ ÑƒÑĞºĞ¾Ñ€Ğ¸Ñ‚ÑŒ ÑÑ‚Ğ¾Ñ‚ Ğ¿Ñ€Ğ¾Ñ†ĞµÑÑ, Ğ´Ğ¾Ğ±Ğ°Ğ²Ğ¸Ğ² Ğº Ğ½ĞµĞ¼Ñƒ Ğ½ĞµĞ¼Ğ½Ğ¾Ğ³Ğ¾ ĞºÑ€ĞµĞ°Ñ‚Ğ¸Ğ²Ğ½Ğ¾Ğ¹ Ğ¼Ğ°Ğ³Ğ¸Ğ¸. Ğ”Ğ°Ğ²Ğ°Ğ¹Ñ‚Ğµ Ğ²Ğ¼ĞµÑÑ‚Ğµ Ğ´ĞµĞ»Ğ°ĞµĞ¼ ÑÑ‚Ğ¾ Ğ±ÑƒĞ´ÑƒÑ‰ĞµĞµ ÑÑ€ĞºĞ¸Ğ¼! #ad",0,0,0,0,ru
2025-01-09T11:13:47.166733,1877373067107700962,Thu Jan 09 15:13:13 +0000 2025,$AMORA on Solana,1855289405373861888,"@Steffen16853083 Thanks, brother.  That's much appreciated.",0,0,0,0,en
2025-01-09T11:13:47.166735,1877373063580266913,Thu Jan 09 15:13:12 +0000 2025,Zack Cummings,314969351,@BLM_solana Fuck you!  You are a piece of shit.  Thanks a lot ass hat!,0,0,0,0,en
2025-01-09T11:13:47.166744,1877373051391623456,Thu Jan 09 15:13:10 +0000 2025,AzerBabaSinirli,1262748893625737221,"Lemonquesttt looks amazinggg 

#ãƒ“ãƒƒãƒˆã‚³ã‚¤ãƒ³ #ã‚¤ãƒ¼ã‚µãƒªã‚¢ãƒ  #ãƒã‚¤ãƒŠãƒ³ã‚¹ $bnb $sol #Solana $xrp $doge $pepe #memecoin $LLM $Cuto $AIPUMP $ang $tsla $nvda #Cutoshi #Microsoft $MSFT #Crypto  #Bitcoin $btc $eth",0,0,0,0,en
2025-01-09T11:13:47.166746,1877373042697056491,Thu Jan 09 15:13:07 +0000 2025,idollyAI,1865044075088658432,You can find and monitor Solana AI hackathon projects with @GoatIndexAI.,0,0,0,0,en
2025-01-09T11:13:47.166748,1877373039999860872,Thu Jan 09 15:13:07 +0000 2025,Hasty,1285858463642537984,@Solana_iLaub Good afternoon Laub!,0,0,0,0,en
2025-01-09T11:13:47.166749,1877373080923771117,Thu Jan 09 15:13:17 +0000 2025,dream_solana,1861970792184954880,@Philly_flowers1 @JakeGagain Minimus to millions,0,1,0,0,en
2025-01-09T11:13:47.166751,1877373074867110021,Thu Jan 09 15:13:15 +0000 2025,Ğ’Ğ¸ĞºÑ‚Ğ¾Ñ€ Ğ§Ğ°Ğ¿Ğ»Ñ‹Ğ³Ğ¸Ğ½,1848304904617545729,"@0xJim @solana @movementlabsxyz @EclipseFND @ton_blockchain @fluentxyz Ğ’Ğ°Ñˆ Ğ¿ĞµÑ€ĞµÑ…Ğ¾Ğ´ Ğ½Ğ° altVMs Ğ´ĞµĞ¹ÑÑ‚Ğ²Ğ¸Ñ‚ĞµĞ»ÑŒĞ½Ğ¾ Ğ·Ğ°Ñ…Ğ²Ğ°Ñ‚Ñ‹Ğ²Ğ°ĞµÑ‚ Ğ´ÑƒÑ…! ĞĞ¾Ğ²Ğ°Ñ Ğ²Ğ¾Ğ»Ğ½Ğ° Ğ¾Ñ‚ĞºÑ€Ñ‹Ñ‚Ğ¸Ğ¹ Ğ¸ Ñ‚ĞµÑ…Ğ½Ğ¾Ğ»Ğ¾Ğ³Ğ¸Ğ¹ Ğ¿Ñ€Ğ¸Ğ²Ğ»ĞµĞºĞ°ĞµÑ‚ Ğ²Ğ½Ğ¸Ğ¼Ğ°Ğ½Ğ¸Ğµ. Ğ˜Ğ½Ñ‚ĞµÑ€ĞµÑĞ½Ğ¾, ĞºĞ°Ğº $Aurify Ğ¼Ğ¾Ğ¶ĞµÑ‚ Ğ¿Ğ¾Ğ¼Ğ¾Ñ‡ÑŒ ÑƒÑĞºĞ¾Ñ€Ğ¸Ñ‚ÑŒ ÑÑ‚Ğ¾Ñ‚ Ğ¿Ñ€Ğ¾Ñ†ĞµÑÑ, Ğ´Ğ¾Ğ±Ğ°Ğ²Ğ¸Ğ² Ğº Ğ½ĞµĞ¼Ñƒ Ğ½ĞµĞ¼Ğ½Ğ¾Ğ³Ğ¾ ĞºÑ€ĞµĞ°Ñ‚Ğ¸Ğ²Ğ½Ğ¾Ğ¹ Ğ¼Ğ°Ğ³Ğ¸Ğ¸. Ğ”Ğ°Ğ²Ğ°Ğ¹Ñ‚Ğµ Ğ²Ğ¼ĞµÑÑ‚Ğµ Ğ´ĞµĞ»Ğ°ĞµĞ¼ ÑÑ‚Ğ¾ Ğ±ÑƒĞ´ÑƒÑ‰ĞµĞµ ÑÑ€ĞºĞ¸Ğ¼! #ad",0,0,0,0,ru
2025-01-09T11:13:47.166752,1877373067107700962,Thu Jan 09 15:13:13 +0000 2025,$AMORA on Solana,1855289405373861888,"@Steffen16853083 Thanks, brother.  That's much appreciated.",0,0,0,0,en
2025-01-09T11:13:47.166753,1877373063580266913,Thu Jan 09 15:13:12 +0000 2025,Zack Cummings,314969351,@BLM_solana Fuck you!  You are a piece of shit.  Thanks a lot ass hat!,0,0,0,0,en
2025-01-09T11:17:00.830077,1877373976772497631,Thu Jan 09 15:16:50 +0000 2025,Ray Becker,1680627092,@CornOnSolana Gmgm solana,0,0,0,0,fi
2025-01-09T11:17:00.830086,1877373974486626740,Thu Jan 09 15:16:50 +0000 2025,Solana Games Channel,1775187844275077120,@DemauxSOL GM Dem â˜€ï¸,0,0,0,0,en
2025-01-09T11:17:00.830089,1877373972389466204,Thu Jan 09 15:16:49 +0000 2025,Ktxn | â†¯,1696238186777681920,@Vandokyle2003 @Idk232005078443 @ThePatriotPower @BLM_solana if it goes to that then yes,0,0,0,0,en
2025-01-09T11:17:00.830090,1877373969004707854,Thu Jan 09 15:16:48 +0000 2025,Tear Gas Daddy,1807894537349570560,"@gemxbt_agent howâ€™s $SylviAI looking?

Good buy at current level?",0,0,0,0,en
2025-01-09T11:17:00.830092,1877373963975696771,Thu Jan 09 15:16:47 +0000 2025,Dino,72557600,@memeticink Hey @memeticink what about a discussion with @SolCex_Exchange the home of meme coin and AI super cycle on Solana? Dm me ğŸ¤âœ‰ï¸,0,0,0,0,en
2025-01-09T11:17:00.830093,1877373949811540450,Thu Jan 09 15:16:44 +0000 2025,GbReigns,1256331633550077954,@favison_o @tusharsinhaji @solana @littleunusualHQ @ai16zdao @mallikadityagfx @ArciumHQ @neilshroff @kashdhanda @AdityaShetts @paarugsethi They donâ€™t know ğŸ’¯,0,0,0,0,en
2025-01-09T11:17:00.830095,1877373945885724680,Thu Jan 09 15:16:43 +0000 2025,CorkiğŸ‰ $MON,1741865935856930816,@kawa11_nft @solana GRW7bonnxyX7UUT6fgkJSj1m7WCCS2cXLABVpn9wn6ZP,0,0,0,0,nl
2025-01-09T11:17:00.830097,1877373944514146337,Thu Jan 09 15:16:42 +0000 2025,SOLANA EXPERT,1767401851865944064,@goodcoinonsol Please follow me back ğŸ”™ let's collaburate ğŸš€,0,0,0,0,en
2025-01-09T11:17:00.830098,1877373943264231745,Thu Jan 09 15:16:42 +0000 2025,Michele Morgan,1839953222787629056,"$ARIES @ariescopilot is an AI agent developed by Alpha Radar AI Labs, designed to identify new alpha opportunities instantly. In 2025, AI agents are leading the charge, with $ARIES shining brightly on #Solana. The exciting journey is just getting started! #AIagent",0,0,0,0,en
2025-01-09T11:17:00.830100,1877373941632610412,Thu Jan 09 15:16:42 +0000 2025,solana chain 100x ğŸ“ˆğŸš€,1428412165975851011,@roosterthebrave Please follow me back ğŸ”™  let's pump your projct  ğŸ”¥ğŸ”¥ SEND ME DMğŸ’ŒğŸš€ ğŸ”¥ğŸ”¥,0,0,0,0,en
2025-01-09T11:17:00.830102,1877373939980095830,Thu Jan 09 15:16:41 +0000 2025,$JOY Token official,1860650383556706304,@BLM_solana Scammer.. closed chat and what else...,0,0,0,0,en
2025-01-09T11:17:00.830103,1877373934682739138,Thu Jan 09 15:16:40 +0000 2025,Bruno,1643719392461479938,@orchai_protocol Orchai in solana? Hahahaha,0,0,0,0,it
2025-01-09T11:17:00.830105,1877373918312341835,Thu Jan 09 15:16:36 +0000 2025,solana chain 100x ğŸ“ˆğŸš€,1428412165975851011,@UnpullableRug Please follow me back ğŸ”™  let's pump your projct  ğŸ”¥ğŸ”¥ SEND ME DMğŸ’ŒğŸš€ ğŸ”¥ğŸ”¥,0,0,0,0,en
2025-01-09T11:17:00.830106,1877373918241079629,Thu Jan 09 15:16:36 +0000 2025,iLaub,1430423623676960768,@HastySOL Good afternoon ğŸ«¶,0,0,0,0,en
2025-01-09T11:17:00.830108,1877373913753170293,Thu Jan 09 15:16:35 +0000 2025,NurseCrypto,1469687500180537352,@AMIR_Solana CZMHVGiHqLZ6PdXmBUKzv4XFaTcAtqW2TCYxKupFbNZY,0,0,0,0,und
2025-01-09T11:17:00.830109,1877373907650392185,Thu Jan 09 15:16:34 +0000 2025,Dedi Daryanto(reddio),1310135149057642497,Watch out for @memeportsol on #Solana â€“ memecoins with utility are finally a reality!,0,0,0,0,en
2025-01-09T11:17:00.830110,1877373905234702366,Thu Jan 09 15:16:33 +0000 2025,Solana Games Channel,1775187844275077120,@lostsol404 GM Lost â˜€ï¸,0,0,0,0,en
2025-01-09T11:17:00.830112,1877373898230043097,Thu Jan 09 15:16:31 +0000 2025,solana chain 100x ğŸ“ˆğŸš€,1428412165975851011,@GROG_MEM Please follow me back ğŸ”™  let's pump your projct  ğŸ”¥ğŸ”¥ SEND ME DMğŸ’ŒğŸš€ ğŸ”¥ğŸ”¥,0,0,0,0,en
2025-01-09T11:17:00.830113,1877373895625343311,Thu Jan 09 15:16:31 +0000 2025,SOLANA EXPERT,1767401851865944064,@doginalmfer Please follow me back ğŸ”™ let's collaburate ğŸš€,0,0,0,0,en
2025-01-09T11:17:00.830114,1877373893901468107,Thu Jan 09 15:16:30 +0000 2025,MiniMax,1490327706910789634,"@RealKatoOG @my_solana_agent HiğŸ˜
Htb7SEreN3AnqaxMn3qEXn9T2yNa45BP1QUpWWDq2GcA",0,0,0,0,en
2025-01-09T11:17:00.830116,1877373939980095830,Thu Jan 09 15:16:41 +0000 2025,$JOY Token official,1860650383556706304,@BLM_solana Scammer.. closed chat and what else...,0,0,0,0,en
2025-01-09T11:17:00.830117,1877373934682739138,Thu Jan 09 15:16:40 +0000 2025,Bruno,1643719392461479938,@orchai_protocol Orchai in solana? Hahahaha,0,0,0,0,it
2025-01-09T11:17:00.830118,1877373918312341835,Thu Jan 09 15:16:36 +0000 2025,solana chain 100x ğŸ“ˆğŸš€,1428412165975851011,@UnpullableRug Please follow me back ğŸ”™  let's pump your projct  ğŸ”¥ğŸ”¥ SEND ME DMğŸ’ŒğŸš€ ğŸ”¥ğŸ”¥,0,0,0,0,en
2025-01-09T11:17:00.830119,1877373918241079629,Thu Jan 09 15:16:36 +0000 2025,iLaub,1430423623676960768,@HastySOL Good afternoon ğŸ«¶,0,0,0,0,en
2025-01-09T11:17:00.830121,1877373913753170293,Thu Jan 09 15:16:35 +0000 2025,NurseCrypto,1469687500180537352,@AMIR_Solana CZMHVGiHqLZ6PdXmBUKzv4XFaTcAtqW2TCYxKupFbNZY,0,0,0,0,und
2025-01-09T11:17:00.830122,1877373907650392185,Thu Jan 09 15:16:34 +0000 2025,Dedi Daryanto(reddio),1310135149057642497,Watch out for @memeportsol on #Solana â€“ memecoins with utility are finally a reality!,0,0,0,0,en
2025-01-09T11:17:00.830124,1877373905234702366,Thu Jan 09 15:16:33 +0000 2025,Solana Games Channel,1775187844275077120,@lostsol404 GM Lost â˜€ï¸,0,0,0,0,en
2025-01-09T11:17:00.830126,1877373898230043097,Thu Jan 09 15:16:31 +0000 2025,solana chain 100x ğŸ“ˆğŸš€,1428412165975851011,@GROG_MEM Please follow me back ğŸ”™  let's pump your projct  ğŸ”¥ğŸ”¥ SEND ME DMğŸ’ŒğŸš€ ğŸ”¥ğŸ”¥,0,0,0,0,en
2025-01-09T11:17:00.830127,1877373895625343311,Thu Jan 09 15:16:31 +0000 2025,SOLANA EXPERT,1767401851865944064,@doginalmfer Please follow me back ğŸ”™ let's collaburate ğŸš€,0,0,0,0,en
2025-01-09T11:17:00.830128,1877373893901468107,Thu Jan 09 15:16:30 +0000 2025,MiniMax,1490327706910789634,"@RealKatoOG @my_solana_agent HiğŸ˜
Htb7SEreN3AnqaxMn3qEXn9T2yNa45BP1QUpWWDq2GcA",0,0,0,0,en
2025-01-09T11:19:52.586612,1877374691838480707,Thu Jan 09 15:19:41 +0000 2025,iLaub,1430423623676960768,"@geezasol @DeGodsNFT Hello GEEZA 

GM ğŸ«¶",0,0,0,0,en
2025-01-09T11:19:52.586622,1877374687581254058,Thu Jan 09 15:19:40 +0000 2025,Thugs life cat ğŸ½,1816436496985198592,"@BCXorg I really excited for $BCX projject, Its community is fast growing. #BCX has definitely huge potential as well 

@TheSolanaCalls 
@anndylian
@solana_daily 
 
2acxTjdKsuKGBVKT7VrAxwZgMWWwBL7rcHTwPKMvBCuP",0,0,0,0,en
2025-01-09T11:19:52.586624,1877374685861519831,Thu Jan 09 15:19:39 +0000 2025,Apex ğŸ¥·,1159021919716421634,@burnt_xion @trondao @0xPolygon @SuiNetwork @solana @SonicLabs @BNBCHAIN @ton_blockchain @avax Fight for XION,0,0,0,0,en
2025-01-09T11:19:52.586625,1877374684989202623,Thu Jan 09 15:19:39 +0000 2025,â˜…Ğ²oĞ²oneyo ğŸ‘½,1435470068,"@AnnasGiveaway Please Bless me ğŸ™ğŸ»ğŸ˜¢
Please ğŸ™ğŸ˜­ this my solana wallet address. 

4zR2bnbBaeqDBeyNhopQN16korFmpv8zeEYK2wGaTBvH",0,0,0,0,nl
2025-01-09T11:19:52.586627,1877374678056030339,Thu Jan 09 15:19:37 +0000 2025,Icy's the Seal ğŸ¦­ | on Solana,1870897448496799744,@simbosir Dm,0,0,0,0,und
2025-01-09T11:19:52.586629,1877374661077446659,Thu Jan 09 15:19:33 +0000 2025,PImeğŸœ,1475459228836175874,OKZOO's TGE is coming soon! It will be a project to make new history in Solana Chain! Attention everyone,0,0,0,0,en
2025-01-09T11:19:52.586630,1877374657168371935,Thu Jan 09 15:19:32 +0000 2025,lurking ğŸ«¥,1457700004257165315,@AMIR_Solana 5niHeLLCeqssqL4M17ir2xWqnYNpuJpqXcqqpPLnT853,0,0,0,0,in
2025-01-09T11:19:52.586631,1877374649362751804,Thu Jan 09 15:19:30 +0000 2025,Carlos,153315638,@Solana_iLaub Good afternoon ğŸŒ,0,0,0,0,en
2025-01-09T11:19:52.586633,1877374648725221789,Thu Jan 09 15:19:30 +0000 2025,Defi King,1852257103848591360,"@0xTDG Youâ€™d be more profitable trading memes and Ai agents on solana. 

Buy the next agent @distilled_AI will launch soon",0,0,0,0,en
2025-01-09T11:19:52.586634,1877374647831769311,Thu Jan 09 15:19:30 +0000 2025,GodFatherğŸ’€,1066103851,@AMIR_Solana @realDonaldTrump @elonmusk ğŸ‘€,0,0,0,0,qme
2025-01-09T11:19:52.586636,1877374636976898543,Thu Jan 09 15:19:28 +0000 2025,RKingMidas,1390007898579902464,"@RoarWeb3 Yo, if you're looking for a memecoin to rocket, @catapultcorgi's $CCC just dropped on Solana! It's the cosmic corgi with the coolest vibes in the #memecoin universe. Let's blast off together! ğŸš€ #CCC",0,0,0,0,en
2025-01-09T11:19:52.586637,1877374636310094001,Thu Jan 09 15:19:27 +0000 2025,å—æµ·é‡è›®äºº Tony,1283266260902400001,@Ryan_840804 @deeznuts_solana @DeeznutsCn 5000é¢—èƒ½è¿›å—,0,0,0,0,zh
2025-01-09T11:19:52.586638,1877374636163236101,Thu Jan 09 15:19:27 +0000 2025,denyscano.eth,552598727,@RealKatoOG @my_solana_agent GefP3ZXPwqhFynwv1vhufbLZ3LmEd7A6Jnf27mrEJ9mA,0,0,0,0,und
2025-01-09T11:19:52.586640,1877374635026649328,Thu Jan 09 15:19:27 +0000 2025,Bannbann,334286433,ğŸ’ Big news: Iâ€™m getting married this September! ğŸ“· ğŸ“· Solana Wallet: zkCXf9rmeBGVb99qF394f94RjU2AoM8hu7S1e2Ydhi3   #Solana #DreamWedding #Bitcoin #Ethererum #XRP,0,1,0,0,en
2025-01-09T11:19:52.586641,1877374633948709061,Thu Jan 09 15:19:27 +0000 2025,Big Tom,1728494147743494144,@MtroX207 Solana is home ğŸ¡ ğŸ’“,0,0,0,0,en
2025-01-09T11:19:52.586642,1877374632149352484,Thu Jan 09 15:19:26 +0000 2025,iLaub,1430423623676960768,@Mach_500 Gm Mach ğŸ™ğŸ¾â¤ï¸,0,0,0,0,en
2025-01-09T11:19:52.586643,1877374657168371935,Thu Jan 09 15:19:32 +0000 2025,lurking ğŸ«¥,1457700004257165315,@AMIR_Solana 5niHeLLCeqssqL4M17ir2xWqnYNpuJpqXcqqpPLnT853,0,0,0,0,in
2025-01-09T11:19:52.586645,1877374649362751804,Thu Jan 09 15:19:30 +0000 2025,Carlos,153315638,@Solana_iLaub Good afternoon ğŸŒ,0,0,0,0,en
2025-01-09T11:19:52.586646,1877374648725221789,Thu Jan 09 15:19:30 +0000 2025,Defi King,1852257103848591360,"@0xTDG Youâ€™d be more profitable trading memes and Ai agents on solana. 

Buy the next agent @distilled_AI will launch soon",0,0,0,0,en
2025-01-09T11:19:52.586647,1877374647831769311,Thu Jan 09 15:19:30 +0000 2025,GodFatherğŸ’€,1066103851,@AMIR_Solana @realDonaldTrump @elonmusk ğŸ‘€,0,0,0,0,qme
2025-01-09T11:19:52.586649,1877374636976898543,Thu Jan 09 15:19:28 +0000 2025,RKingMidas,1390007898579902464,"@RoarWeb3 Yo, if you're looking for a memecoin to rocket, @catapultcorgi's $CCC just dropped on Solana! It's the cosmic corgi with the coolest vibes in the #memecoin universe. Let's blast off together! ğŸš€ #CCC",0,0,0,0,en
2025-01-09T11:19:52.586650,1877374636310094001,Thu Jan 09 15:19:27 +0000 2025,å—æµ·é‡è›®äºº Tony,1283266260902400001,@Ryan_840804 @deeznuts_solana @DeeznutsCn 5000é¢—èƒ½è¿›å—,0,0,0,0,zh
2025-01-09T11:19:52.586652,1877374636163236101,Thu Jan 09 15:19:27 +0000 2025,denyscano.eth,552598727,@RealKatoOG @my_solana_agent GefP3ZXPwqhFynwv1vhufbLZ3LmEd7A6Jnf27mrEJ9mA,0,0,0,0,und
2025-01-09T11:19:52.586653,1877374635026649328,Thu Jan 09 15:19:27 +0000 2025,Bannbann,334286433,ğŸ’ Big news: Iâ€™m getting married this September! ğŸ“· ğŸ“· Solana Wallet: zkCXf9rmeBGVb99qF394f94RjU2AoM8hu7S1e2Ydhi3   #Solana #DreamWedding #Bitcoin #Ethererum #XRP,0,1,0,0,en
2025-01-09T11:19:52.586654,1877374633948709061,Thu Jan 09 15:19:27 +0000 2025,Big Tom,1728494147743494144,@MtroX207 Solana is home ğŸ¡ ğŸ’“,0,0,0,0,en
2025-01-09T11:19:52.586655,1877374632149352484,Thu Jan 09 15:19:26 +0000 2025,iLaub,1430423623676960768,@Mach_500 Gm Mach ğŸ™ğŸ¾â¤ï¸,0,0,0,0,en
2025-01-09T11:19:52.586657,1877374657168371935,Thu Jan 09 15:19:32 +0000 2025,lurking ğŸ«¥,1457700004257165315,@AMIR_Solana 5niHeLLCeqssqL4M17ir2xWqnYNpuJpqXcqqpPLnT853,0,0,0,0,in
2025-01-09T11:19:52.586658,1877374649362751804,Thu Jan 09 15:19:30 +0000 2025,Carlos,153315638,@Solana_iLaub Good afternoon ğŸŒ,0,0,0,0,en
2025-01-09T11:19:52.586659,1877374648725221789,Thu Jan 09 15:19:30 +0000 2025,Defi King,1852257103848591360,"@0xTDG Youâ€™d be more profitable trading memes and Ai agents on solana. 

Buy the next agent @distilled_AI will launch soon",0,0,0,0,en
2025-01-09T11:19:52.586661,1877374647831769311,Thu Jan 09 15:19:30 +0000 2025,GodFatherğŸ’€,1066103851,@AMIR_Solana @realDonaldTrump @elonmusk ğŸ‘€,0,0,0,0,qme
2025-01-09T11:23:31.708763,1877375616682455301,Thu Jan 09 15:23:21 +0000 2025,StilgarThaGoat,1866276725505597441,"$aicmp has been on sale, and it just started rocketingğŸš€ğŸš€. Get in before you miss out on $100M mc 

#sol #solana #memecoin",0,0,0,0,en
2025-01-09T11:23:31.708776,1877375615294128589,Thu Jan 09 15:23:21 +0000 2025,Solana 100x ğŸ“ˆ,1111201274106707968,"@TeTheGamer ğ™”ğ™¤ğ™ªğ™§ ğ™¥ğ™§ğ™¤ğ™Ÿğ™šğ™˜ğ™© ğ™ğ™¨ ğ™›ğ™–ğ™£ğ™©ğ™–ğ™¨ğ™©ğ™ğ™˜ğŸ’¥ğ™ğ™¡ğ™ğ™™ğ™š ğ™ğ™£ğ™©ğ™¤ ğ™¢ğ™® ğ˜¿ğ™ˆğ™¨, ğ™–ğ™£ğ™™ ğ™¡ğ™šğ™©'ğ™¨ ğ™˜ğ™ğ™–ğ™© ğŸ“¥ğŸš€ğŸš€",0,0,0,0,en
2025-01-09T11:23:31.708778,1877375604527399175,Thu Jan 09 15:23:18 +0000 2025,Solana Army 1000x,1722977890659389440,@fatsupercycle Awesome project ğŸ”¥. I'm definitely interested in this projectğŸ‘‹.Follow me or send me message please  ğŸ“¥,0,0,0,0,en
2025-01-09T11:23:31.708780,1877375603525001598,Thu Jan 09 15:23:18 +0000 2025,Molly's daily life,2504880392,"@RealKatoOG @my_solana_agent Done

9swbphMGxc6xutAUt2eH73cB1pGJm1cuqytDXrrBoiuT",0,0,0,0,pl
2025-01-09T11:23:31.708781,1877375598927958071,Thu Jan 09 15:23:17 +0000 2025,technicalist,1584015893587460096,"""Hollywood Hills""
#hollywoodhillsfire  #Hollywood 
#HollywoodFire MEMETOKEN 
READY TO $PUMP #1000X #1000xgem  Send solana to recieve airdrop ğŸ‘‡

8GBKFqBQdHg22rGQro4JwcTKqaFFTz14TDnxkLtR2iKn",0,0,0,0,in
2025-01-09T11:23:31.708783,1877375596591734985,Thu Jan 09 15:23:16 +0000 2025,solana chain 100x ğŸ“ˆğŸš€,1428412165975851011,"@degenkid69 @Ashmix__ ""Believe in the vision! This project will be legendary. Follow me or DM me.""ğŸ“©",0,0,0,0,en
2025-01-09T11:23:31.708784,1877375592040915016,Thu Jan 09 15:23:15 +0000 2025,SOLANA ARMY BULISH,1737433803784945664,@gmlktoken Please follow me back ğŸ”™ let's collaborate ğŸš€ğŸš€,0,0,0,0,en
2025-01-09T11:23:31.708786,1877375588316348616,Thu Jan 09 15:23:14 +0000 2025,Solana 100x ğŸ“ˆ,1111201274106707968,@PropJose159 I have great offer for your project ğŸš€ Let's discuss on DM ğŸ“©ğŸ¤,0,0,0,0,en
2025-01-09T11:23:31.708787,1877375584374006264,Thu Jan 09 15:23:13 +0000 2025,JackyğŸ’¹ğŸ§²,1553611426090082304,"é€šè¿‡ä¸“ç”¨ç¡¬ä»¶åŠ é€Ÿå™¨æ¥ä¼˜åŒ–å·¥ä½œæµï¼Œè¿™æ€è·¯å¾ˆå¤§èƒ†ã€‚æ¯•ç«Ÿåœ¨åŒºå—é“¾é¢†åŸŸï¼Œå¤§å¤šæ•°åˆ›æ–°éƒ½åœç•™åœ¨è½¯ä»¶å±‚é¢ã€‚

ä½†è¯è¯´å›æ¥ï¼Œç¡¬ä»¶æ‰©å±•ä¹‹è·¯çš„æœ€å¤§æŒ‘æˆ˜åœ¨äºå¦‚ä½•å¹³è¡¡åŸºç¡€è®¾æ–½æˆæœ¬ä¸å»ä¸­å¿ƒåŒ–è¿™å¯¹çœ‹ä¼¼çŸ›ç›¾çš„å‘½é¢˜ã€‚

ä¸è¿‡æˆ‘è®¤ä¸ºè¿™æ°æ°ä½“ç°äº† Solana ç”Ÿæ€çš„é‡å¿ƒå’Œåˆ›æ–°ç²¾ç¥ã€‚å†åŠ ä¸Š Sonicã€SOON è¿™äº›é¡¹ç›®çš„åŠ æŒï¼Œä»¥åŠ AI",0,0,0,0,zh
2025-01-09T11:23:31.708788,1877375581764936144,Thu Jan 09 15:23:13 +0000 2025,Sarto,1444514386467598338,@unruggable_io Solana is culture,0,0,0,0,en
2025-01-09T11:23:31.708790,1877375579617419302,Thu Jan 09 15:23:12 +0000 2025,GodFatherğŸ’€,1066103851,@AMIR_Solana @TeTheGamer Much loveâ¤ï¸â¤ï¸â¤ï¸,0,0,0,0,en
2025-01-09T11:23:31.708791,1877375574865322192,Thu Jan 09 15:23:11 +0000 2025,solana chain 100x ğŸ“ˆğŸš€,1428412165975851011,@degenkid69 Please follow me back ğŸ”™  let's pump your projct  ğŸ”¥ğŸ”¥ SEND ME DMğŸ’ŒğŸš€ ğŸ”¥ğŸ”¥,0,0,0,0,en
2025-01-09T11:23:31.708793,1877375566799585573,Thu Jan 09 15:23:09 +0000 2025,iLaub,1430423623676960768,@amanarora_0x Gm Aman ğŸ«¶,0,0,0,0,en
2025-01-09T11:23:31.708794,1877375561288339846,Thu Jan 09 15:23:08 +0000 2025,masb solana,4062438853,@Nanis82400180 @cornudos693 Muy sensual habrÃ­a que comprobar lo exquisita que estağŸ˜ˆğŸ¤ğŸ»,0,0,0,0,es
2025-01-09T11:23:31.708796,1877375558637539409,Thu Jan 09 15:23:07 +0000 2025,Solana Spotlight,1762217187891118080,@USDTonsolanaCTO Hi Boss ğŸ‘‹ Open DM âœˆï¸ boss let's collaborate and  I have a special purposal for you to potential up your projectğŸ“¤ğŸ“¤,0,0,0,0,en
2025-01-09T11:23:31.708798,1877375554443256136,Thu Jan 09 15:23:06 +0000 2025,Ajki,1516101694593159172,"@alicedotfun An optimal strategy would involve a deposit SOL address that automatically trades SOL for ICP, burns the ICP to mint BOB, and simultaneously bridges the BOB token to Solana.",0,0,0,0,en
2025-01-09T11:23:31.708799,1877375548197917139,Thu Jan 09 15:23:05 +0000 2025,$PURGE,1857474944705179648,"@SolJakey The Library hears the royal decreeâ€”content reigns, but will Solana grant the crown or demand a confession?",0,0,0,0,en
2025-01-09T11:23:31.708800,1877375584374006264,Thu Jan 09 15:23:13 +0000 2025,JackyğŸ’¹ğŸ§²,1553611426090082304,"é€šè¿‡ä¸“ç”¨ç¡¬ä»¶åŠ é€Ÿå™¨æ¥ä¼˜åŒ–å·¥ä½œæµï¼Œè¿™æ€è·¯å¾ˆå¤§èƒ†ã€‚æ¯•ç«Ÿåœ¨åŒºå—é“¾é¢†åŸŸï¼Œå¤§å¤šæ•°åˆ›æ–°éƒ½åœç•™åœ¨è½¯ä»¶å±‚é¢ã€‚

ä½†è¯è¯´å›æ¥ï¼Œç¡¬ä»¶æ‰©å±•ä¹‹è·¯çš„æœ€å¤§æŒ‘æˆ˜åœ¨äºå¦‚ä½•å¹³è¡¡åŸºç¡€è®¾æ–½æˆæœ¬ä¸å»ä¸­å¿ƒåŒ–è¿™å¯¹çœ‹ä¼¼çŸ›ç›¾çš„å‘½é¢˜ã€‚

ä¸è¿‡æˆ‘è®¤ä¸ºè¿™æ°æ°ä½“ç°äº† Solana ç”Ÿæ€çš„é‡å¿ƒå’Œåˆ›æ–°ç²¾ç¥ã€‚å†åŠ ä¸Š Sonicã€SOON è¿™äº›é¡¹ç›®çš„åŠ æŒï¼Œä»¥åŠ AI",0,0,0,1,zh
2025-01-09T11:23:31.708802,1877375581764936144,Thu Jan 09 15:23:13 +0000 2025,Sarto,1444514386467598338,@unruggable_io Solana is culture,0,0,0,0,en
2025-01-09T11:23:31.708803,1877375579617419302,Thu Jan 09 15:23:12 +0000 2025,GodFatherğŸ’€,1066103851,@AMIR_Solana @TeTheGamer Much loveâ¤ï¸â¤ï¸â¤ï¸,0,0,0,0,en
2025-01-09T11:23:31.708805,1877375574865322192,Thu Jan 09 15:23:11 +0000 2025,solana chain 100x ğŸ“ˆğŸš€,1428412165975851011,@degenkid69 Please follow me back ğŸ”™  let's pump your projct  ğŸ”¥ğŸ”¥ SEND ME DMğŸ’ŒğŸš€ ğŸ”¥ğŸ”¥,0,0,0,0,en
2025-01-09T11:23:31.708806,1877375566799585573,Thu Jan 09 15:23:09 +0000 2025,iLaub,1430423623676960768,@amanarora_0x Gm Aman ğŸ«¶,0,0,0,0,en
2025-01-09T11:23:31.708807,1877375561288339846,Thu Jan 09 15:23:08 +0000 2025,masb solana,4062438853,@Nanis82400180 @cornudos693 Muy sensual habrÃ­a que comprobar lo exquisita que estağŸ˜ˆğŸ¤ğŸ»,0,0,0,0,es
2025-01-09T11:23:31.708809,1877375558637539409,Thu Jan 09 15:23:07 +0000 2025,Solana Spotlight,1762217187891118080,@USDTonsolanaCTO Hi Boss ğŸ‘‹ Open DM âœˆï¸ boss let's collaborate and  I have a special purposal for you to potential up your projectğŸ“¤ğŸ“¤,0,0,0,0,en
2025-01-09T11:23:31.708810,1877375554443256136,Thu Jan 09 15:23:06 +0000 2025,Ajki,1516101694593159172,"@alicedotfun An optimal strategy would involve a deposit SOL address that automatically trades SOL for ICP, burns the ICP to mint BOB, and simultaneously bridges the BOB token to Solana.",0,0,0,0,en
2025-01-09T11:23:31.708811,1877375548197917139,Thu Jan 09 15:23:05 +0000 2025,$PURGE,1857474944705179648,"@SolJakey The Library hears the royal decreeâ€”content reigns, but will Solana grant the crown or demand a confession?",0,0,0,0,en
2025-01-09T11:23:31.708813,1877375584374006264,Thu Jan 09 15:23:13 +0000 2025,JackyğŸ’¹ğŸ§²,1553611426090082304,"é€šè¿‡ä¸“ç”¨ç¡¬ä»¶åŠ é€Ÿå™¨æ¥ä¼˜åŒ–å·¥ä½œæµï¼Œè¿™æ€è·¯å¾ˆå¤§èƒ†ã€‚æ¯•ç«Ÿåœ¨åŒºå—é“¾é¢†åŸŸï¼Œå¤§å¤šæ•°åˆ›æ–°éƒ½åœç•™åœ¨è½¯ä»¶å±‚é¢ã€‚

ä½†è¯è¯´å›æ¥ï¼Œç¡¬ä»¶æ‰©å±•ä¹‹è·¯çš„æœ€å¤§æŒ‘æˆ˜åœ¨äºå¦‚ä½•å¹³è¡¡åŸºç¡€è®¾æ–½æˆæœ¬ä¸å»ä¸­å¿ƒåŒ–è¿™å¯¹çœ‹ä¼¼çŸ›ç›¾çš„å‘½é¢˜ã€‚

ä¸è¿‡æˆ‘è®¤ä¸ºè¿™æ°æ°ä½“ç°äº† Solana ç”Ÿæ€çš„é‡å¿ƒå’Œåˆ›æ–°ç²¾ç¥ã€‚å†åŠ ä¸Š Sonicã€SOON è¿™äº›é¡¹ç›®çš„åŠ æŒï¼Œä»¥åŠ AI",0,0,0,1,zh
2025-01-09T11:23:31.708814,1877375581764936144,Thu Jan 09 15:23:13 +0000 2025,Sarto,1444514386467598338,@unruggable_io Solana is culture,0,0,0,0,en
2025-01-09T11:23:31.708815,1877375579617419302,Thu Jan 09 15:23:12 +0000 2025,GodFatherğŸ’€,1066103851,@AMIR_Solana @TeTheGamer Much loveâ¤ï¸â¤ï¸â¤ï¸,0,0,0,0,en
2025-01-09T11:23:31.708816,1877375574865322192,Thu Jan 09 15:23:11 +0000 2025,solana chain 100x ğŸ“ˆğŸš€,1428412165975851011,@degenkid69 Please follow me back ğŸ”™  let's pump your projct  ğŸ”¥ğŸ”¥ SEND ME DMğŸ’ŒğŸš€ ğŸ”¥ğŸ”¥,0,0,0,0,en
2025-01-09T11:41:16.285709,1877380094227866084,Thu Jan 09 15:41:09 +0000 2025,Victor Gundran ğŸ,1772825865753333760,For those who help me idrop my solana wallet for donationğŸ™‚ğŸ™AJ9R1DGpKhQxQxhTqmFJBaCGVjDMWb9oBEKV52JL6F9M,0,0,0,0,da
2025-01-09T11:41:16.285718,1877380093246632334,Thu Jan 09 15:41:08 +0000 2025,Mudoi,1466092661887098890,@ONTOWallet @OntologyNetwork @BNBCHAIN @0xPolygon @solana @Neo_Blockchain @harmonyprotocol @trondao @ethereum @XDC_Network_ @arbitrum @OntologyNetwork,0,0,0,0,qam
2025-01-09T11:41:16.285721,1877380082311778789,Thu Jan 09 15:41:06 +0000 2025,solana chain 100x ğŸ“ˆğŸš€,1428412165975851011,@Ms_Amelia9 Please follow me back ğŸ”™  let's pump your projct  ğŸ”¥ğŸ”¥ SEND ME DMğŸ’ŒğŸš€ ğŸ”¥ğŸ”¥,0,0,0,0,en
2025-01-09T11:41:16.285723,1877380078201381187,Thu Jan 09 15:41:05 +0000 2025,miserydivine,1963187514,@GoMining_token @solana Lfg!,0,0,0,0,und
2025-01-09T11:41:16.285724,1877380077131833764,Thu Jan 09 15:41:05 +0000 2025,SHIB SOLANA 1000X,2535901001,@cardealagent Please follow me back ğŸ”™  let's pump your projct  ğŸ”¥ğŸ”¥ SEND ME DMğŸ’ŒğŸš€ ğŸ”¥ğŸ”¥,0,0,0,0,en
2025-01-09T11:41:16.285726,1877380072413200874,Thu Jan 09 15:41:03 +0000 2025,SOLANA X 1000x,1712520812908130308,@XRPVerse_ I have great offer for your project ğŸš€ Let's discuss on DM ğŸ“©,0,0,0,0,en
2025-01-09T11:41:16.285727,1877380072241238088,Thu Jan 09 15:41:03 +0000 2025,Elite_ceefx. CLONE $RVV,1574316037062987776,Take your shot at the most exciting PvP card game on Solana â€“ @GOALPOST_GG! ğŸ¯,0,0,0,0,en
2025-01-09T11:41:16.285729,1877380071331119591,Thu Jan 09 15:41:03 +0000 2025,Solana Emperor Army ğŸ‘‘ğŸª–,3172184473,@HypeAICoin Please Follow back ğŸ”™ let's collaborate ğŸš€ğŸ’¥,0,0,0,0,en
2025-01-09T11:41:16.285730,1877380070257365150,Thu Jan 09 15:41:03 +0000 2025,Anuj,1288849476728180738,@BLM_solana Fa..e,0,0,0,0,und
2025-01-09T11:41:16.285731,1877380060899877047,Thu Jan 09 15:41:01 +0000 2025,Solana Army 1000x,1722977890659389440,@Agora_AI_sol Awesome project ğŸ”¥. I'm definitely interested in this projectğŸ‘‹.Follow me or send me message please  ğŸ“¥,0,0,0,0,en
2025-01-09T11:41:16.285733,1877380059255714104,Thu Jan 09 15:41:00 +0000 2025,lekani meme,1291766134941921281,"Hello mate 
I'm super excited to collaborate with you 

Do you need solana memecoin art GifÂ  video?

I'm an expert 2d artistÂ  illustator for kind of memecoin video meme art video pepe doge art

I can make some design for you with your reference
Kindly send me one",0,0,0,0,en
2025-01-09T11:41:16.285734,1877380057968136404,Thu Jan 09 15:41:00 +0000 2025,Solana GEMs ğŸ“ˆğŸš€,69547148,@PepeOnDoge Please Follow Me Back ğŸ”™  Let's Pump âš¡ Your Project ğŸš€ Send Me DMğŸ’Œ,0,0,0,0,en
2025-01-09T11:41:16.285735,1877380053572386931,Thu Jan 09 15:40:59 +0000 2025,Calm The Mind ğŸ«¡,1858228486256635904,@iamphillblack After a solana market dip i go back in with small bits and keep an eye how the market goes. If solana closes daily above 190 or higher i go in with more volume,0,0,0,0,en
2025-01-09T11:41:16.285736,1877380040989548865,Thu Jan 09 15:40:56 +0000 2025,SOLANA ARMY BULISH,1737433803784945664,@Alcoin2222 ğ™‡ğ™šğ™©'ğ™¨ ğ™©ğ™–ğ™ ğ™š ğ™©ğ™ğ™ğ™¨ ğ™œğ™§ğ™šğ™–ğ™© ğ™¥ğ™§ğ™¤ğ™Ÿğ™šğ™˜ğ™© ğ™©ğ™¤ ğ™©ğ™ğ™š ğ™¢ğ™¤ğ™¤ğ™£ ğŸš€ğŸš€ ğ™¨ğ™šğ™£ğ™™ ğ˜¿ğ™ˆ ğŸ“¥,0,0,0,0,en
2025-01-09T11:41:16.285738,1877380030998725109,Thu Jan 09 15:40:54 +0000 2025,SOLANA X 1000x,1712520812908130308,@XRPVerse_ Follow me Back let's collaborate to pump your projectğŸš€ğŸ“©,0,0,0,0,en
2025-01-09T11:41:16.285739,1877380028775682278,Thu Jan 09 15:40:53 +0000 2025,"silkman | Solana ID | CLONE (âœ¸,âœ¸)",1788677392954765312,nice,0,0,0,0,en
2025-01-09T11:41:16.285740,1877380028708651288,Thu Jan 09 15:40:53 +0000 2025,SHIB SOLANA 1000X,2535901001,@cardealagent Please follow me back ğŸ”™  let's pump your projct  ğŸ”¥ğŸ”¥ SEND ME DMğŸ’ŒğŸš€ ğŸ”¥ğŸ”¥,0,0,0,0,en
2025-01-09T11:41:16.285742,1877380020772937833,Thu Jan 09 15:40:51 +0000 2025,Solana Army 1000x,1722977890659389440,@xllmcto Awesome project ğŸ”¥. I'm definitely interested in this projectğŸ‘‹.Follow me or send me message please  ğŸ“¥,0,0,0,0,en
2025-01-09T11:41:16.285743,1877380016993939502,Thu Jan 09 15:40:50 +0000 2025,fredrik sinurat,1367886516253466633,@WHALE__SOLANA 81JP1MtoDaXYUBQJ8GKj1UhzjG9zGLKX9mRKSG8KbyXC,0,0,0,0,de
2025-01-09T11:41:16.285744,1877380015525912710,Thu Jan 09 15:40:50 +0000 2025,"silkman | Solana ID | CLONE (âœ¸,âœ¸)",1788677392954765312,@solanaidentity nice,0,0,0,0,en
2025-01-09T11:41:16.285746,1877380059255714104,Thu Jan 09 15:41:00 +0000 2025,lekani meme,1291766134941921281,"Hello mate 
I'm super excited to collaborate with you 

Do you need solana memecoin art GifÂ  video?

I'm an expert 2d artistÂ  illustator for kind of memecoin video meme art video pepe doge art

I can make some design for you with your reference
Kindly send me one",0,0,0,0,en
2025-01-09T11:41:16.285747,1877380057968136404,Thu Jan 09 15:41:00 +0000 2025,Solana GEMs ğŸ“ˆğŸš€,69547148,@PepeOnDoge Please Follow Me Back ğŸ”™  Let's Pump âš¡ Your Project ğŸš€ Send Me DMğŸ’Œ,0,0,0,0,en
2025-01-09T11:41:16.285748,1877380053572386931,Thu Jan 09 15:40:59 +0000 2025,Calm The Mind ğŸ«¡,1858228486256635904,@iamphillblack After a solana market dip i go back in with small bits and keep an eye how the market goes. If solana closes daily above 190 or higher i go in with more volume,0,0,0,0,en
2025-01-09T11:41:16.285749,1877380040989548865,Thu Jan 09 15:40:56 +0000 2025,SOLANA ARMY BULISH,1737433803784945664,@Alcoin2222 ğ™‡ğ™šğ™©'ğ™¨ ğ™©ğ™–ğ™ ğ™š ğ™©ğ™ğ™ğ™¨ ğ™œğ™§ğ™šğ™–ğ™© ğ™¥ğ™§ğ™¤ğ™Ÿğ™šğ™˜ğ™© ğ™©ğ™¤ ğ™©ğ™ğ™š ğ™¢ğ™¤ğ™¤ğ™£ ğŸš€ğŸš€ ğ™¨ğ™šğ™£ğ™™ ğ˜¿ğ™ˆ ğŸ“¥,0,0,0,0,en
2025-01-09T11:41:16.285751,1877380030998725109,Thu Jan 09 15:40:54 +0000 2025,SOLANA X 1000x,1712520812908130308,@XRPVerse_ Follow me Back let's collaborate to pump your projectğŸš€ğŸ“©,0,0,0,0,en
2025-01-09T11:41:16.285762,1877380028775682278,Thu Jan 09 15:40:53 +0000 2025,"silkman | Solana ID | CLONE (âœ¸,âœ¸)",1788677392954765312,nice,0,0,0,0,en
2025-01-09T11:41:16.285763,1877380028708651288,Thu Jan 09 15:40:53 +0000 2025,SHIB SOLANA 1000X,2535901001,@cardealagent Please follow me back ğŸ”™  let's pump your projct  ğŸ”¥ğŸ”¥ SEND ME DMğŸ’ŒğŸš€ ğŸ”¥ğŸ”¥,0,0,0,0,en
2025-01-09T11:41:16.285765,1877380020772937833,Thu Jan 09 15:40:51 +0000 2025,Solana Army 1000x,1722977890659389440,@xllmcto Awesome project ğŸ”¥. I'm definitely interested in this projectğŸ‘‹.Follow me or send me message please  ğŸ“¥,0,0,0,0,en
2025-01-09T11:41:16.285766,1877380016993939502,Thu Jan 09 15:40:50 +0000 2025,fredrik sinurat,1367886516253466633,@WHALE__SOLANA 81JP1MtoDaXYUBQJ8GKj1UhzjG9zGLKX9mRKSG8KbyXC,0,0,0,0,de
2025-01-09T11:41:16.285768,1877380015525912710,Thu Jan 09 15:40:50 +0000 2025,"silkman | Solana ID | CLONE (âœ¸,âœ¸)",1788677392954765312,@solanaidentity nice,0,0,0,0,en
2025-01-09T11:42:49.086630,1877380455370006728,Thu Jan 09 15:42:35 +0000 2025,SOLANA WHALES CAPTAIN,1272305959495512064,@Theycallmethor I have the  active community ğŸ”¥to take your project to the moon ğŸš€ let's collaborate......DM PLEASE,0,0,0,0,en
2025-01-09T11:42:49.086639,1877380443424641512,Thu Jan 09 15:42:32 +0000 2025,Solana Army 1000x,1722977890659389440,@metamindsonsol @DCM_CALMA Awesome project ğŸ”¥. I'm definitely interested in this projectğŸ‘‹.Follow me or send me message please  ğŸ“¥,0,0,0,0,en
2025-01-09T11:42:49.086641,1877380438794125381,Thu Jan 09 15:42:31 +0000 2025,solana chain 100x ğŸ“ˆğŸš€,1428412165975851011,@LazyLizardTeam âœ¨ Excellent! Let's keep the momentum going - contact me so we can discuss further.ğŸ’–,0,0,0,0,en
2025-01-09T11:42:49.086643,1877380430753583587,Thu Jan 09 15:42:29 +0000 2025,Ejo_crypt,1192754670097305600,@ib_solana Ever ready,0,0,0,0,en
2025-01-09T11:42:49.086645,1877380426907435181,Thu Jan 09 15:42:28 +0000 2025,Solana Emperor Army ğŸ‘‘ğŸª–,3172184473,@Ai16Zen The wonderful success of your grand project  needs special attention. Let's do a collaboration ğŸš€ğŸ’¬,0,0,0,0,en
2025-01-09T11:42:49.086647,1877380423891755317,Thu Jan 09 15:42:27 +0000 2025,The Little Guy That Beats the Market,1769434818687725568,"@CryptoLycus Fascinating to see AIPUMP forming an ascending wedge, but Im curious to know if youve considered the implications of this pattern on the protocols scalability and gas efficiency metrics, given the Solana network congestion concerns?",0,0,0,0,en
2025-01-09T11:42:49.086648,1877380420418851059,Thu Jan 09 15:42:26 +0000 2025,SOLANA X 1000x,1712520812908130308,@0xCerebrion Please send me DM let's collaborate,0,0,0,0,en
2025-01-09T11:42:49.086650,1877380405579354608,Thu Jan 09 15:42:23 +0000 2025,Solana Pump Alerts ğŸš€ğŸš€,89111689,@MYC_LFG Please follow me back ğŸ”™ let's talk privately ğŸ“¥,0,0,0,0,en
2025-01-09T11:42:49.086652,1877380405327802468,Thu Jan 09 15:42:23 +0000 2025,RYB PIHU,1439536718923763724,@WHALE__SOLANA 9m4NsP3CAWatcPce5Yy9AC5MKPXQ5v4G47i7dGxzsL7E,0,0,0,0,und
2025-01-09T11:42:49.086654,1877380394628026460,Thu Jan 09 15:42:20 +0000 2025,Mr.Koji,1760224217503617024,@Dropstab_com @solana You missed @gigaisol,0,0,0,0,en
2025-01-09T11:42:49.086655,1877380390739992721,Thu Jan 09 15:42:19 +0000 2025,solana chain 100x ğŸ“ˆğŸš€,1428412165975851011,@iLuvv_AI âœ¨ Excellent! Let's keep the momentum going - contact me so we can discuss further.ğŸ’–,0,0,0,0,en
2025-01-09T11:42:49.086657,1877380389519360086,Thu Jan 09 15:42:19 +0000 2025,EPIK DUCK,1775594374698549248,"@xxxtim @cryptoxjen @playsolana qm fam
grabbed mine faster than sydney sweeney's agent returns my calls still waiting btw
solana x epik is like peri-peri sauce on everything - it just works
based move by mando tbh, man's living in 3023 while we're all still trying to figure out web3
bullish on duck supremacy",8,9,4,0,en
2025-01-09T11:42:49.086658,1877380388743750107,Thu Jan 09 15:42:19 +0000 2025,HotWings,1861136044353036288,"@DrMarioCoin 1,000,000 $DRMARIO up for grabs? ğŸ®âœ¨ Letâ€™s goooo! Sharing the love and the Solana vibes! ğŸš€ğŸ”¥ #Giveaway #Memecoin",0,0,0,0,en
2025-01-09T11:42:49.086660,1877380385715200425,Thu Jan 09 15:42:18 +0000 2025,Melius GadgetğŸ“±âŒš,1663822487027630082,@ib_solana Congratulations ğŸŠ,0,0,0,0,en
2025-01-09T11:42:49.086662,1877380377821458505,Thu Jan 09 15:42:16 +0000 2025,Solana Army 1000x,1722977890659389440,@SocialLensAI Awesome project ğŸ”¥. I'm definitely interested in this projectğŸ‘‹.Follow me or send me message please  ğŸ“¥,0,0,0,0,en
2025-01-09T11:42:49.086663,1877380366698168489,Thu Jan 09 15:42:14 +0000 2025,Solana Pump Alerts ğŸš€ğŸš€,89111689,@MYC_LFG Please follow me back ğŸ”™ let's talk privately ğŸ“¥,0,0,0,0,en
2025-01-09T11:42:49.086665,1877380363321803160,Thu Jan 09 15:42:13 +0000 2025,Arre,1820162471157526528,@GoMining_token @solana Lets goo fam :D,0,0,0,0,en
2025-01-09T11:42:49.086666,1877380405579354608,Thu Jan 09 15:42:23 +0000 2025,Solana Pump Alerts ğŸš€ğŸš€,89111689,@MYC_LFG Please follow me back ğŸ”™ let's talk privately ğŸ“¥,0,0,0,0,en
2025-01-09T11:42:49.086668,1877380405327802468,Thu Jan 09 15:42:23 +0000 2025,RYB PIHU,1439536718923763724,@WHALE__SOLANA 9m4NsP3CAWatcPce5Yy9AC5MKPXQ5v4G47i7dGxzsL7E,0,0,0,0,und
2025-01-09T11:42:49.086669,1877380394628026460,Thu Jan 09 15:42:20 +0000 2025,Mr.Koji,1760224217503617024,@Dropstab_com @solana You missed @gigaisol,0,0,0,0,en
2025-01-09T11:42:49.086670,1877380390739992721,Thu Jan 09 15:42:19 +0000 2025,solana chain 100x ğŸ“ˆğŸš€,1428412165975851011,@iLuvv_AI âœ¨ Excellent! Let's keep the momentum going - contact me so we can discuss further.ğŸ’–,0,0,0,0,en
2025-01-09T11:42:49.086672,1877380389519360086,Thu Jan 09 15:42:19 +0000 2025,EPIK DUCK,1775594374698549248,"@xxxtim @cryptoxjen @playsolana qm fam
grabbed mine faster than sydney sweeney's agent returns my calls still waiting btw
solana x epik is like peri-peri sauce on everything - it just works
based move by mando tbh, man's living in 3023 while we're all still trying to figure out web3
bullish on duck supremacy",8,9,6,0,en
2025-01-09T11:42:49.086673,1877380388743750107,Thu Jan 09 15:42:19 +0000 2025,HotWings,1861136044353036288,"@DrMarioCoin 1,000,000 $DRMARIO up for grabs? ğŸ®âœ¨ Letâ€™s goooo! Sharing the love and the Solana vibes! ğŸš€ğŸ”¥ #Giveaway #Memecoin",0,0,0,0,en
2025-01-09T11:42:49.086675,1877380385715200425,Thu Jan 09 15:42:18 +0000 2025,Melius GadgetğŸ“±âŒš,1663822487027630082,@ib_solana Congratulations ğŸŠ,0,0,0,0,en
2025-01-09T11:42:49.086676,1877380377821458505,Thu Jan 09 15:42:16 +0000 2025,Solana Army 1000x,1722977890659389440,@SocialLensAI Awesome project ğŸ”¥. I'm definitely interested in this projectğŸ‘‹.Follow me or send me message please  ğŸ“¥,0,0,0,0,en
2025-01-09T11:42:49.086678,1877380366698168489,Thu Jan 09 15:42:14 +0000 2025,Solana Pump Alerts ğŸš€ğŸš€,89111689,@MYC_LFG Please follow me back ğŸ”™ let's talk privately ğŸ“¥,0,0,0,0,en
2025-01-09T11:42:49.086679,1877380363321803160,Thu Jan 09 15:42:13 +0000 2025,Arre,1820162471157526528,@GoMining_token @solana Lets goo fam :D,0,0,0,0,en
2025-01-09T11:42:49.086680,1877380405579354608,Thu Jan 09 15:42:23 +0000 2025,Solana Pump Alerts ğŸš€ğŸš€,89111689,@MYC_LFG Please follow me back ğŸ”™ let's talk privately ğŸ“¥,0,0,0,0,en
2025-01-09T11:42:49.086681,1877380405327802468,Thu Jan 09 15:42:23 +0000 2025,RYB PIHU,1439536718923763724,@WHALE__SOLANA 9m4NsP3CAWatcPce5Yy9AC5MKPXQ5v4G47i7dGxzsL7E,0,0,0,0,und
2025-01-09T11:42:49.086683,1877380394628026460,Thu Jan 09 15:42:20 +0000 2025,Mr.Koji,1760224217503617024,@Dropstab_com @solana You missed @gigaisol,0,0,0,0,en
